film_id,title,release_year,rating
1,ACADEMY DINOSAUR,2006,PG
2,ACE GOLDFINGER,2006,G
3,ADAPTATION HOLES,2006,NC-17
4,AFFAIR PREJUDICE,2006,G
5,AFRICAN EGG,2006,G
6,AGENT TRUMAN,2006,PG
7,AIRPLANE SIERRA,2006,PG-13
8,AIRPORT POLLOCK,2006,R
9,ALABAMA DEVIL,2006,PG-13
10,ALADDIN CALENDAR,2006,NC-17
11,ALAMO VIDEOTAPE,2006,G
12,ALASKA PHANTOM,2006,PG
13,ALI FOREVER,2006,PG
14,ALICE FANTASIA,2006,NC-17
15,ALIEN CENTER,2006,NC-17
16,ALLEY EVOLUTION,2006,NC-17
17,ALONE TRIP,2006,R
18,ALTER VICTORY,2006,PG-13
19,AMADEUS HOLY,2006,PG
20,AMELIE HELLFIGHTERS,2006,R
21,AMERICAN CIRCUS,2006,R
22,AMISTAD MIDSUMMER,2006,G
23,ANACONDA CONFESSIONS,2006,R
24,ANALYZE HOOSIERS,2006,R
25,ANGELS LIFE,2006,G
26,ANNIE IDENTITY,2006,G
27,ANONYMOUS HUMAN,2006,NC-17
28,ANTHEM LUKE,2006,PG-13
29,ANTITRUST TOMATOES,2006,NC-17
30,ANYTHING SAVANNAH,2006,R
31,APACHE DIVINE,2006,NC-17
32,APOCALYPSE FLAMINGOS,2006,R
33,APOLLO TEEN,2006,PG-13
34,ARABIA DOGMA,2006,NC-17
35,ARACHNOPHOBIA ROLLERCOASTER,2006,PG-13
36,ARGONAUTS TOWN,2006,PG-13
37,ARIZONA BANG,2006,PG
38,ARK RIDGEMONT,2006,NC-17
39,ARMAGEDDON LOST,2006,G
40,ARMY FLINTSTONES,2006,R
41,ARSENIC INDEPENDENCE,2006,PG
42,ARTIST COLDBLOODED,2006,NC-17
43,ATLANTIS CAUSE,2006,G
44,ATTACKS HATE,2006,PG-13
45,ATTRACTION NEWTON,2006,PG-13
46,AUTUMN CROW,2006,G
47,BABY HALL,2006,NC-17
48,BACKLASH UNDEFEATED,2006,PG-13
49,BADMAN DAWN,2006,R
50,BAKED CLEOPATRA,2006,G
51,BALLOON HOMEWARD,2006,NC-17
52,BALLROOM MOCKINGBIRD,2006,G
53,BANG KWAI,2006,NC-17
54,BANGER PINOCCHIO,2006,R
55,BARBARELLA STREETCAR,2006,G
56,BAREFOOT MANCHURIAN,2006,G
57,BASIC EASY,2006,PG-13
58,BEACH HEARTBREAKERS,2006,G
59,BEAR GRACELAND,2006,R
60,BEAST HUNCHBACK,2006,R
61,BEAUTY GREASE,2006,G
62,BED HIGHBALL,2006,NC-17
63,BEDAZZLED MARRIED,2006,PG
64,BEETHOVEN EXORCIST,2006,PG-13
65,BEHAVIOR RUNAWAY,2006,PG
66,BENEATH RUSH,2006,NC-17
67,BERETS AGENT,2006,PG-13
68,BETRAYED REAR,2006,NC-17
69,BEVERLY OUTLAW,2006,R
70,BIKINI BORROWERS,2006,NC-17
71,BILKO ANONYMOUS,2006,PG-13
72,BILL OTHERS,2006,PG
73,BINGO TALENTED,2006,PG-13
74,BIRCH ANTITRUST,2006,PG
75,BIRD INDEPENDENCE,2006,G
76,BIRDCAGE CASPER,2006,NC-17
77,BIRDS PERDITION,2006,G
78,BLACKOUT PRIVATE,2006,PG
79,BLADE POLISH,2006,PG-13
80,BLANKET BEVERLY,2006,G
81,BLINDNESS GUN,2006,PG-13
82,BLOOD ARGONAUTS,2006,G
83,BLUES INSTINCT,2006,G
84,BOILED DARES,2006,PG
85,BONNIE HOLOCAUST,2006,G
86,BOOGIE AMELIE,2006,R
87,BOONDOCK BALLROOM,2006,NC-17
88,BORN SPINAL,2006,PG
89,BORROWERS BEDAZZLED,2006,G
90,BOULEVARD MOB,2006,R
91,BOUND CHEAPER,2006,PG
92,BOWFINGER GABLES,2006,NC-17
93,BRANNIGAN SUNRISE,2006,PG
94,BRAVEHEART HUMAN,2006,PG-13
95,BREAKFAST GOLDFINGER,2006,G
96,BREAKING HOME,2006,PG-13
97,BRIDE INTRIGUE,2006,G
98,BRIGHT ENCOUNTERS,2006,PG-13
99,BRINGING HYSTERICAL,2006,PG
100,BROOKLYN DESERT,2006,R
101,BROTHERHOOD BLANKET,2006,R
102,BUBBLE GROSSE,2006,R
103,BUCKET BROTHERHOOD,2006,PG
104,BUGSY SONG,2006,G
105,BULL SHAWSHANK,2006,NC-17
106,BULWORTH COMMANDMENTS,2006,G
107,BUNCH MINDS,2006,G
108,BUTCH PANTHER,2006,PG-13
109,BUTTERFLY CHOCOLAT,2006,G
110,CABIN FLASH,2006,NC-17
111,CADDYSHACK JEDI,2006,NC-17
112,CALENDAR GUNFIGHT,2006,NC-17
113,CALIFORNIA BIRDS,2006,NC-17
114,CAMELOT VACATION,2006,NC-17
115,CAMPUS REMEMBER,2006,R
116,CANDIDATE PERDITION,2006,R
117,CANDLES GRAPES,2006,NC-17
118,CANYON STOCK,2006,R
119,CAPER MOTIONS,2006,G
120,CARIBBEAN LIBERTY,2006,NC-17
121,CAROL TEXAS,2006,PG
122,CARRIE BUNCH,2006,PG
123,CASABLANCA SUPER,2006,G
124,CASPER DRAGONFLY,2006,PG-13
125,CASSIDY WYOMING,2006,NC-17
126,CASUALTIES ENCINO,2006,G
127,CAT CONEHEADS,2006,G
128,CATCH AMISTAD,2006,G
129,CAUSE DATE,2006,R
130,CELEBRITY HORN,2006,PG-13
131,CENTER DINOSAUR,2006,PG
132,CHAINSAW UPTOWN,2006,PG
133,CHAMBER ITALIAN,2006,NC-17
134,CHAMPION FLATLINERS,2006,PG
135,CHANCE RESURRECTION,2006,R
136,CHAPLIN LICENSE,2006,NC-17
137,CHARADE DUFFEL,2006,PG
138,CHARIOTS CONSPIRACY,2006,R
139,CHASING FIGHT,2006,PG
140,CHEAPER CLYDE,2006,G
141,CHICAGO NORTH,2006,PG-13
142,CHICKEN HELLFIGHTERS,2006,PG
143,CHILL LUCK,2006,PG
144,CHINATOWN GLADIATOR,2006,PG
145,CHISUM BEHAVIOR,2006,G
146,CHITTY LOCK,2006,G
147,CHOCOLAT HARRY,2006,NC-17
148,CHOCOLATE DUCK,2006,R
149,CHRISTMAS MOONSHINE,2006,NC-17
150,CIDER DESIRE,2006,PG
151,CINCINATTI WHISPERER,2006,NC-17
152,CIRCUS YOUTH,2006,PG-13
153,CITIZEN SHREK,2006,G
154,CLASH FREDDY,2006,G
155,CLEOPATRA DEVIL,2006,PG-13
156,CLERKS ANGELS,2006,G
157,CLOCKWORK PARADISE,2006,PG-13
158,CLONES PINOCCHIO,2006,R
159,CLOSER BANG,2006,R
160,CLUB GRAFFITI,2006,PG-13
161,CLUE GRAIL,2006,NC-17
162,CLUELESS BUCKET,2006,R
163,CLYDE THEORY,2006,PG-13
164,COAST RAINBOW,2006,PG
165,COLDBLOODED DARLING,2006,G
166,COLOR PHILADELPHIA,2006,G
167,COMA HEAD,2006,NC-17
168,COMANCHEROS ENEMY,2006,R
169,COMFORTS RUSH,2006,NC-17
170,COMMAND DARLING,2006,PG-13
171,COMMANDMENTS EXPRESS,2006,R
172,CONEHEADS SMOOCHY,2006,NC-17
173,CONFESSIONS MAGUIRE,2006,PG-13
174,CONFIDENTIAL INTERVIEW,2006,NC-17
175,CONFUSED CANDLES,2006,PG-13
176,CONGENIALITY QUEST,2006,PG-13
177,CONNECTICUT TRAMP,2006,R
178,CONNECTION MICROCOSMOS,2006,G
179,CONQUERER NUTS,2006,G
180,CONSPIRACY SPIRIT,2006,PG-13
181,CONTACT ANONYMOUS,2006,PG-13
182,CONTROL ANTHEM,2006,G
183,CONVERSATION DOWNHILL,2006,R
184,CORE SUIT,2006,PG-13
185,COWBOY DOOM,2006,PG
186,CRAFT OUTFIELD,2006,NC-17
187,CRANES RESERVOIR,2006,NC-17
188,CRAZY HOME,2006,PG
189,CREATURES SHAKESPEARE,2006,NC-17
190,CREEPERS KANE,2006,NC-17
191,CROOKED FROGMEN,2006,PG-13
192,CROSSING DIVORCE,2006,R
193,CROSSROADS CASUALTIES,2006,G
194,CROW GREASE,2006,PG
195,CROWDS TELEMARK,2006,R
196,CRUELTY UNFORGIVEN,2006,G
197,CRUSADE HONEY,2006,R
198,CRYSTAL BREAKING,2006,NC-17
199,CUPBOARD SINNERS,2006,R
200,CURTAIN VIDEOTAPE,2006,PG-13
201,CYCLONE FAMILY,2006,PG
202,DADDY PITTSBURGH,2006,G
203,DAISY MENAGERIE,2006,G
204,DALMATIONS SWEDEN,2006,PG
205,DANCES NONE,2006,NC-17
206,DANCING FEVER,2006,G
207,DANGEROUS UPTOWN,2006,PG
208,DARES PLUTO,2006,PG-13
209,DARKNESS WAR,2006,NC-17
210,DARKO DORADO,2006,NC-17
211,DARLING BREAKING,2006,PG-13
212,DARN FORRESTER,2006,G
213,DATE SPEED,2006,R
214,DAUGHTER MADIGAN,2006,PG-13
215,DAWN POND,2006,PG
216,DAY UNFAITHFUL,2006,G
217,DAZED PUNK,2006,G
218,DECEIVER BETRAYED,2006,NC-17
219,DEEP CRUSADE,2006,PG-13
220,DEER VIRGINIAN,2006,NC-17
221,DELIVERANCE MULHOLLAND,2006,R
222,DESERT POSEIDON,2006,R
223,DESIRE ALIEN,2006,NC-17
224,DESPERATE TRAINSPOTTING,2006,G
225,DESTINATION JERK,2006,PG-13
226,DESTINY SATURDAY,2006,G
227,DETAILS PACKER,2006,R
228,DETECTIVE VISION,2006,PG-13
229,DEVIL DESIRE,2006,R
230,DIARY PANIC,2006,G
231,DINOSAUR SECRETARY,2006,R
232,DIRTY ACE,2006,NC-17
233,DISCIPLE MOTHER,2006,PG
234,DISTURBING SCARFACE,2006,R
235,DIVIDE MONSTER,2006,PG-13
236,DIVINE RESURRECTION,2006,R
237,DIVORCE SHINING,2006,G
238,DOCTOR GRAIL,2006,G
239,DOGMA FAMILY,2006,G
240,DOLLS RAGE,2006,PG-13
241,DONNIE ALLEY,2006,NC-17
242,DOOM DANCING,2006,R
243,DOORS PRESIDENT,2006,NC-17
244,DORADO NOTTING,2006,NC-17
245,DOUBLE WRATH,2006,R
246,DOUBTFIRE LABYRINTH,2006,R
247,DOWNHILL ENOUGH,2006,G
248,DOZEN LION,2006,NC-17
249,DRACULA CRYSTAL,2006,G
250,DRAGON SQUAD,2006,NC-17
251,DRAGONFLY STRANGERS,2006,NC-17
252,DREAM PICKUP,2006,PG
253,DRIFTER COMMANDMENTS,2006,PG-13
254,DRIVER ANNIE,2006,PG-13
255,DRIVING POLISH,2006,NC-17
256,DROP WATERFRONT,2006,R
257,DRUMLINE CYCLONE,2006,G
258,DRUMS DYNAMITE,2006,PG
259,DUCK RACER,2006,NC-17
260,DUDE BLINDNESS,2006,G
261,DUFFEL APOCALYPSE,2006,G
262,DUMBO LUST,2006,NC-17
263,DURHAM PANKY,2006,R
264,DWARFS ALTER,2006,G
265,DYING MAKER,2006,PG
266,DYNAMITE TARZAN,2006,PG-13
267,EAGLES PANKY,2006,NC-17
268,EARLY HOME,2006,NC-17
269,EARRING INSTINCT,2006,R
270,EARTH VISION,2006,NC-17
271,EASY GLADIATOR,2006,G
272,EDGE KISSING,2006,NC-17
273,EFFECT GLADIATOR,2006,PG
274,EGG IGBY,2006,PG
275,EGYPT TENENBAUMS,2006,PG
276,ELEMENT FREDDY,2006,NC-17
277,ELEPHANT TROJAN,2006,PG-13
278,ELF MURDER,2006,NC-17
279,ELIZABETH SHANE,2006,NC-17
280,EMPIRE MALKOVICH,2006,G
281,ENCINO ELF,2006,G
282,ENCOUNTERS CURTAIN,2006,NC-17
283,ENDING CROWDS,2006,NC-17
284,ENEMY ODDS,2006,NC-17
285,ENGLISH BULWORTH,2006,PG-13
286,ENOUGH RAGING,2006,NC-17
287,ENTRAPMENT SATISFACTION,2006,R
288,ESCAPE METROPOLIS,2006,R
289,EVE RESURRECTION,2006,G
290,EVERYONE CRAFT,2006,PG
291,EVOLUTION ALTER,2006,PG-13
292,EXCITEMENT EVE,2006,G
293,EXORCIST STING,2006,G
294,EXPECATIONS NATURAL,2006,PG-13
295,EXPENDABLE STALLION,2006,PG
296,EXPRESS LONELY,2006,R
297,EXTRAORDINARY CONQUERER,2006,G
298,EYES DRIVING,2006,PG-13
299,FACTORY DRAGON,2006,PG-13
300,FALCON VOLUME,2006,PG-13
301,FAMILY SWEET,2006,R
302,FANTASIA PARK,2006,G
303,FANTASY TROOPERS,2006,PG-13
304,FARGO GANDHI,2006,G
305,FATAL HAUNTED,2006,PG
306,FEATHERS METAL,2006,PG-13
307,FELLOWSHIP AUTUMN,2006,NC-17
308,FERRIS MOTHER,2006,PG
309,FEUD FROGMEN,2006,R
310,FEVER EMPIRE,2006,R
311,FICTION CHRISTMAS,2006,PG
312,FIDDLER LOST,2006,R
313,FIDELITY DEVIL,2006,G
314,FIGHT JAWBREAKER,2006,R
315,FINDING ANACONDA,2006,R
316,FIRE WOLVES,2006,R
317,FIREBALL PHILADELPHIA,2006,PG
318,FIREHOUSE VIETNAM,2006,G
319,FISH OPUS,2006,R
320,FLAMINGOS CONNECTICUT,2006,PG-13
321,FLASH WARS,2006,NC-17
322,FLATLINERS KILLER,2006,G
323,FLIGHT LIES,2006,R
324,FLINTSTONES HAPPINESS,2006,PG-13
325,FLOATS GARDEN,2006,PG-13
326,FLYING HOOK,2006,NC-17
327,FOOL MOCKINGBIRD,2006,PG
328,FOREVER CANDIDATE,2006,NC-17
329,FORREST SONS,2006,R
330,FORRESTER COMANCHEROS,2006,NC-17
331,FORWARD TEMPLE,2006,NC-17
332,FRANKENSTEIN STRANGER,2006,NC-17
333,FREAKY POCUS,2006,R
334,FREDDY STORM,2006,NC-17
335,FREEDOM CLEOPATRA,2006,PG-13
336,FRENCH HOLIDAY,2006,PG
337,FRIDA SLIPPER,2006,R
338,FRISCO FORREST,2006,PG
339,FROGMEN BREAKING,2006,R
340,FRONTIER CABIN,2006,PG-13
341,FROST HEAD,2006,PG
342,FUGITIVE MAGUIRE,2006,R
343,FULL FLATLINERS,2006,PG
344,FURY MURDER,2006,PG-13
345,GABLES METROPOLIS,2006,PG
346,GALAXY SWEETHEARTS,2006,R
347,GAMES BOWFINGER,2006,PG-13
348,GANDHI KWAI,2006,PG-13
349,GANGS PRIDE,2006,PG-13
350,GARDEN ISLAND,2006,G
351,GASLIGHT CRUSADE,2006,PG
352,GATHERING CALENDAR,2006,PG-13
353,GENTLEMEN STAGE,2006,NC-17
354,GHOST GROUNDHOG,2006,G
355,GHOSTBUSTERS ELF,2006,R
356,GIANT TROOPERS,2006,R
357,GILBERT PELICAN,2006,G
358,GILMORE BOILED,2006,R
359,GLADIATOR WESTWARD,2006,PG
360,GLASS DYING,2006,G
361,GLEAMING JAWBREAKER,2006,NC-17
362,GLORY TRACY,2006,PG-13
363,GO PURPLE,2006,R
364,GODFATHER DIARY,2006,NC-17
365,GOLD RIVER,2006,R
366,GOLDFINGER SENSIBILITY,2006,G
367,GOLDMINE TYCOON,2006,R
368,GONE TROUBLE,2006,R
369,GOODFELLAS SALUTE,2006,PG
370,GORGEOUS BINGO,2006,R
371,GOSFORD DONNIE,2006,G
372,GRACELAND DYNAMITE,2006,R
373,GRADUATE LORD,2006,G
374,GRAFFITI LOVE,2006,PG
375,GRAIL FRANKENSTEIN,2006,NC-17
376,GRAPES FURY,2006,G
377,GREASE YOUTH,2006,G
378,GREATEST NORTH,2006,NC-17
379,GREEDY ROOTS,2006,R
380,GREEK EVERYONE,2006,PG
381,GRINCH MASSAGE,2006,R
382,GRIT CLOCKWORK,2006,PG
383,GROOVE FICTION,2006,NC-17
384,GROSSE WONDERFUL,2006,R
385,GROUNDHOG UNCUT,2006,PG-13
386,GUMP DATE,2006,NC-17
387,GUN BONNIE,2006,G
388,GUNFIGHT MOON,2006,NC-17
389,GUNFIGHTER MUSSOLINI,2006,PG-13
390,GUYS FALCON,2006,R
391,HALF OUTFIELD,2006,PG-13
392,HALL CASSIDY,2006,NC-17
393,HALLOWEEN NUTS,2006,PG-13
394,HAMLET WISDOM,2006,R
395,HANDICAP BOONDOCK,2006,R
396,HANGING DEEP,2006,G
397,HANKY OCTOBER,2006,NC-17
398,HANOVER GALAXY,2006,NC-17
399,HAPPINESS UNITED,2006,G
400,HARDLY ROBBERS,2006,R
401,HAROLD FRENCH,2006,NC-17
402,HARPER DYING,2006,G
403,HARRY IDAHO,2006,PG-13
404,HATE HANDICAP,2006,PG
405,HAUNTED ANTITRUST,2006,NC-17
406,HAUNTING PIANIST,2006,R
407,HAWK CHILL,2006,PG-13
408,HEAD STRANGER,2006,R
409,HEARTBREAKERS BRIGHT,2006,G
410,HEAVEN FREEDOM,2006,PG
411,HEAVENLY GUN,2006,NC-17
412,HEAVYWEIGHTS BEAST,2006,G
413,HEDWIG ALTER,2006,NC-17
414,HELLFIGHTERS SIERRA,2006,PG
415,HIGH ENCINO,2006,R
416,HIGHBALL POTTER,2006,R
417,HILLS NEIGHBORS,2006,G
418,HOBBIT ALIEN,2006,PG-13
419,HOCUS FRIDA,2006,G
420,HOLES BRANNIGAN,2006,PG
421,HOLIDAY GAMES,2006,PG-13
422,HOLLOW JEOPARDY,2006,NC-17
423,HOLLYWOOD ANONYMOUS,2006,PG
424,HOLOCAUST HIGHBALL,2006,R
425,HOLY TADPOLE,2006,R
426,HOME PITY,2006,R
427,HOMEWARD CIDER,2006,R
428,HOMICIDE PEACH,2006,PG-13
429,HONEY TIES,2006,R
430,HOOK CHARIOTS,2006,G
431,HOOSIERS BIRDCAGE,2006,G
432,HOPE TOOTSIE,2006,NC-17
433,HORN WORKING,2006,PG
434,HORROR REIGN,2006,R
435,HOTEL HAPPINESS,2006,PG-13
436,HOURS RAGE,2006,NC-17
437,HOUSE DYNAMITE,2006,R
438,HUMAN GRAFFITI,2006,NC-17
439,HUNCHBACK IMPOSSIBLE,2006,PG-13
440,HUNGER ROOF,2006,G
441,HUNTER ALTER,2006,PG-13
442,HUNTING MUSKETEERS,2006,NC-17
443,HURRICANE AFFAIR,2006,PG
444,HUSTLER PARTY,2006,NC-17
445,HYDE DOCTOR,2006,G
446,HYSTERICAL GRAIL,2006,PG
447,ICE CROSSING,2006,R
448,IDAHO LOVE,2006,PG-13
449,IDENTITY LOVER,2006,PG-13
450,IDOLS SNATCHERS,2006,NC-17
451,IGBY MAKER,2006,NC-17
452,ILLUSION AMELIE,2006,R
453,IMAGE PRINCESS,2006,PG-13
454,IMPACT ALADDIN,2006,PG-13
455,IMPOSSIBLE PREJUDICE,2006,NC-17
456,INCH JET,2006,NC-17
457,INDEPENDENCE HOTEL,2006,NC-17
458,INDIAN LOVE,2006,NC-17
459,INFORMER DOUBLE,2006,NC-17
460,INNOCENT USUAL,2006,PG-13
461,INSECTS STONE,2006,NC-17
462,INSIDER ARIZONA,2006,NC-17
463,INSTINCT AIRPORT,2006,PG
464,INTENTIONS EMPIRE,2006,PG-13
465,INTERVIEW LIAISONS,2006,R
466,INTOLERABLE INTENTIONS,2006,PG-13
467,INTRIGUE WORST,2006,G
468,INVASION CYCLONE,2006,PG
469,IRON MOON,2006,PG
470,ISHTAR ROCKETEER,2006,R
471,ISLAND EXORCIST,2006,NC-17
472,ITALIAN AFRICAN,2006,G
473,JACKET FRISCO,2006,PG-13
474,JADE BUNCH,2006,NC-17
475,JAPANESE RUN,2006,G
476,JASON TRAP,2006,NC-17
477,JAWBREAKER BROOKLYN,2006,PG
478,JAWS HARRY,2006,G
479,JEDI BENEATH,2006,PG
480,JEEPERS WEDDING,2006,R
481,JEKYLL FROGMEN,2006,PG
482,JEOPARDY ENCINO,2006,R
483,JERICHO MULAN,2006,NC-17
484,JERK PAYCHECK,2006,NC-17
485,JERSEY SASSY,2006,PG
486,JET NEIGHBORS,2006,R
487,JINGLE SAGEBRUSH,2006,PG-13
488,JOON NORTHWEST,2006,NC-17
489,JUGGLER HARDLY,2006,PG-13
490,JUMANJI BLADE,2006,G
491,JUMPING WRATH,2006,NC-17
492,JUNGLE CLOSER,2006,NC-17
493,KANE EXORCIST,2006,R
494,KARATE MOON,2006,PG-13
495,KENTUCKIAN GIANT,2006,PG
496,KICK SAVANNAH,2006,PG-13
497,KILL BROTHERHOOD,2006,G
498,KILLER INNOCENT,2006,R
499,KING EVOLUTION,2006,NC-17
500,KISS GLORY,2006,PG-13
501,KISSING DOLLS,2006,R
502,KNOCK WARLOCK,2006,PG-13
503,KRAMER CHOCOLATE,2006,R
504,KWAI HOMEWARD,2006,PG-13
505,LABYRINTH LEAGUE,2006,PG-13
506,LADY STAGE,2006,PG
507,LADYBUGS ARMAGEDDON,2006,NC-17
508,LAMBS CINCINATTI,2006,PG-13
509,LANGUAGE COWBOY,2006,NC-17
510,LAWLESS VISION,2006,G
511,LAWRENCE LOVE,2006,NC-17
512,LEAGUE HELLFIGHTERS,2006,PG-13
513,LEATHERNECKS DWARFS,2006,PG-13
514,LEBOWSKI SOLDIERS,2006,PG-13
515,LEGALLY SECRETARY,2006,PG
516,LEGEND JEDI,2006,PG
517,LESSON CLEOPATRA,2006,NC-17
518,LIAISONS SWEET,2006,PG
519,LIBERTY MAGNIFICENT,2006,G
520,LICENSE WEEKEND,2006,NC-17
521,LIES TREATMENT,2006,NC-17
522,LIFE TWISTED,2006,NC-17
523,LIGHTS DEER,2006,R
524,LION UNCUT,2006,PG
525,LOATHING LEGALLY,2006,R
526,LOCK REAR,2006,R
527,LOLA AGENT,2006,PG
528,LOLITA WORLD,2006,NC-17
529,LONELY ELEPHANT,2006,G
530,LORD ARIZONA,2006,PG-13
531,LOSE INCH,2006,R
532,LOSER HUSTLER,2006,PG
533,LOST BIRD,2006,PG-13
534,LOUISIANA HARRY,2006,PG-13
535,LOVE SUICIDES,2006,R
536,LOVELY JINGLE,2006,PG
537,LOVER TRUMAN,2006,G
538,LOVERBOY ATTACKS,2006,PG-13
539,LUCK OPUS,2006,NC-17
540,LUCKY FLYING,2006,PG-13
541,LUKE MUMMY,2006,NC-17
542,LUST LOCK,2006,G
543,MADIGAN DORADO,2006,R
544,MADISON TRAP,2006,R
545,MADNESS ATTACKS,2006,PG-13
546,MADRE GABLES,2006,PG-13
547,MAGIC MALLRATS,2006,PG
548,MAGNIFICENT CHITTY,2006,R
549,MAGNOLIA FORRESTER,2006,PG-13
550,MAGUIRE APACHE,2006,NC-17
551,MAIDEN HOME,2006,PG
552,MAJESTIC FLOATS,2006,PG
553,MAKER GABLES,2006,PG-13
554,MALKOVICH PET,2006,G
555,MALLRATS UNITED,2006,PG
556,MALTESE HOPE,2006,PG-13
557,MANCHURIAN CURTAIN,2006,PG
558,MANNEQUIN WORST,2006,PG-13
559,MARRIED GO,2006,G
560,MARS ROMAN,2006,NC-17
561,MASK PEACH,2006,NC-17
562,MASKED BUBBLE,2006,PG-13
563,MASSACRE USUAL,2006,R
564,MASSAGE IMAGE,2006,PG
565,MATRIX SNOWMAN,2006,PG-13
566,MAUDE MOD,2006,R
567,MEET CHOCOLATE,2006,G
568,MEMENTO ZOOLANDER,2006,NC-17
569,MENAGERIE RUSHMORE,2006,G
570,MERMAID INSECTS,2006,NC-17
571,METAL ARMAGEDDON,2006,PG-13
572,METROPOLIS COMA,2006,PG-13
573,MICROCOSMOS PARADISE,2006,PG-13
574,MIDNIGHT WESTWARD,2006,G
575,MIDSUMMER GROUNDHOG,2006,G
576,MIGHTY LUCK,2006,PG
577,MILE MULAN,2006,PG
578,MILLION ACE,2006,PG-13
579,MINDS TRUMAN,2006,PG-13
580,MINE TITANS,2006,PG-13
581,MINORITY KISS,2006,G
582,MIRACLE VIRTUAL,2006,PG-13
583,MISSION ZOOLANDER,2006,PG-13
584,MIXED DOORS,2006,PG-13
585,MOB DUFFEL,2006,G
586,MOCKINGBIRD HOLLYWOOD,2006,PG
587,MOD SECRETARY,2006,NC-17
588,MODEL FISH,2006,NC-17
589,MODERN DORADO,2006,PG
590,MONEY HAROLD,2006,PG
591,MONSOON CAUSE,2006,PG
592,MONSTER SPARTACUS,2006,PG
593,MONTEREY LABYRINTH,2006,G
594,MONTEZUMA COMMAND,2006,NC-17
595,MOON BUNCH,2006,PG
596,MOONSHINE CABIN,2006,PG-13
597,MOONWALKER FOOL,2006,G
598,MOSQUITO ARMAGEDDON,2006,G
599,MOTHER OLEANDER,2006,R
600,MOTIONS DETAILS,2006,PG
601,MOULIN WAKE,2006,PG-13
602,MOURNING PURPLE,2006,PG
603,MOVIE SHAKESPEARE,2006,PG
604,MULAN MOON,2006,G
605,MULHOLLAND BEAST,2006,PG
606,MUMMY CREATURES,2006,NC-17
607,MUPPET MILE,2006,PG
608,MURDER ANTITRUST,2006,PG
609,MUSCLE BRIGHT,2006,G
610,MUSIC BOONDOCK,2006,R
611,MUSKETEERS WAIT,2006,PG
612,MUSSOLINI SPOILERS,2006,G
613,MYSTIC TRUMAN,2006,NC-17
614,NAME DETECTIVE,2006,PG-13
615,NASH CHOCOLAT,2006,PG-13
616,NATIONAL STORY,2006,NC-17
617,NATURAL STOCK,2006,PG-13
618,NECKLACE OUTBREAK,2006,PG
619,NEIGHBORS CHARADE,2006,R
620,NEMO CAMPUS,2006,NC-17
621,NETWORK PEAK,2006,PG-13
622,NEWSIES STORY,2006,G
623,NEWTON LABYRINTH,2006,PG
624,NIGHTMARE CHILL,2006,PG
625,NONE SPIKING,2006,NC-17
626,NOON PAPI,2006,G
627,NORTH TEQUILA,2006,NC-17
628,NORTHWEST POLISH,2006,PG
629,NOTORIOUS REUNION,2006,NC-17
630,NOTTING SPEAKEASY,2006,PG-13
631,NOVOCAINE FLIGHT,2006,G
632,NUTS TIES,2006,NC-17
633,OCTOBER SUBMARINE,2006,PG-13
634,ODDS BOOGIE,2006,NC-17
635,OKLAHOMA JUMANJI,2006,PG
636,OLEANDER CLUE,2006,PG
637,OPEN AFRICAN,2006,PG
638,OPERATION OPERATION,2006,G
639,OPPOSITE NECKLACE,2006,PG
640,OPUS ICE,2006,R
641,ORANGE GRAPES,2006,PG-13
642,ORDER BETRAYED,2006,PG-13
643,ORIENT CLOSER,2006,R
644,OSCAR GOLD,2006,PG
645,OTHERS SOUP,2006,PG
646,OUTBREAK DIVINE,2006,NC-17
647,OUTFIELD MASSACRE,2006,NC-17
648,OUTLAW HANKY,2006,PG-13
649,OZ LIAISONS,2006,R
650,PACIFIC AMISTAD,2006,G
651,PACKER MADIGAN,2006,PG-13
652,PAJAMA JAWBREAKER,2006,R
653,PANIC CLUB,2006,G
654,PANKY SUBMARINE,2006,G
655,PANTHER REDS,2006,NC-17
656,PAPI NECKLACE,2006,PG
657,PARADISE SABRINA,2006,PG-13
658,PARIS WEEKEND,2006,PG-13
659,PARK CITIZEN,2006,PG-13
660,PARTY KNOCK,2006,PG
661,PAST SUICIDES,2006,PG-13
662,PATHS CONTROL,2006,PG
663,PATIENT SISTER,2006,NC-17
664,PATRIOT ROMAN,2006,PG
665,PATTON INTERVIEW,2006,PG
666,PAYCHECK WAIT,2006,PG-13
667,PEACH INNOCENT,2006,PG-13
668,PEAK FOREVER,2006,PG
669,PEARL DESTINY,2006,NC-17
670,PELICAN COMFORTS,2006,PG
671,PERDITION FARGO,2006,NC-17
672,PERFECT GROOVE,2006,PG-13
673,PERSONAL LADYBUGS,2006,PG-13
674,PET HAUNTING,2006,PG
675,PHANTOM GLORY,2006,NC-17
676,PHILADELPHIA WIFE,2006,PG-13
677,PIANIST OUTFIELD,2006,NC-17
678,PICKUP DRIVING,2006,G
679,PILOT HOOSIERS,2006,PG
680,PINOCCHIO SIMON,2006,PG
681,PIRATES ROXANNE,2006,PG
682,PITTSBURGH HUNCHBACK,2006,PG-13
683,PITY BOUND,2006,NC-17
684,PIZZA JUMANJI,2006,NC-17
685,PLATOON INSTINCT,2006,PG-13
686,PLUTO OLEANDER,2006,R
687,POCUS PULP,2006,NC-17
688,POLISH BROOKLYN,2006,PG
689,POLLOCK DELIVERANCE,2006,PG
690,POND SEATTLE,2006,PG-13
691,POSEIDON FOREVER,2006,PG-13
692,POTLUCK MIXED,2006,G
693,POTTER CONNECTICUT,2006,PG
694,PREJUDICE OLEANDER,2006,PG-13
695,PRESIDENT BANG,2006,PG
696,PRIDE ALAMO,2006,NC-17
697,PRIMARY GLASS,2006,G
698,PRINCESS GIANT,2006,NC-17
699,PRIVATE DROP,2006,PG
700,PRIX UNDEFEATED,2006,R
701,PSYCHO SHRUNK,2006,PG-13
702,PULP BEVERLY,2006,G
703,PUNK DIVORCE,2006,PG
704,PURE RUNNER,2006,NC-17
705,PURPLE MOVIE,2006,R
706,QUEEN LUKE,2006,PG
707,QUEST MUSSOLINI,2006,R
708,QUILLS BULL,2006,R
709,RACER EGG,2006,NC-17
710,RAGE GAMES,2006,R
711,RAGING AIRPLANE,2006,R
712,RAIDERS ANTITRUST,2006,PG-13
713,RAINBOW SHOCK,2006,PG
714,RANDOM GO,2006,NC-17
715,RANGE MOONWALKER,2006,PG
716,REAP UNFAITHFUL,2006,PG-13
717,REAR TRADING,2006,NC-17
718,REBEL AIRPORT,2006,G
719,RECORDS ZORRO,2006,PG
720,REDEMPTION COMFORTS,2006,NC-17
721,REDS POCUS,2006,PG-13
722,REEF SALUTE,2006,NC-17
723,REIGN GENTLEMEN,2006,PG-13
724,REMEMBER DIARY,2006,R
725,REQUIEM TYCOON,2006,R
726,RESERVOIR ADAPTATION,2006,PG-13
727,RESURRECTION SILVERADO,2006,PG
728,REUNION WITCHES,2006,R
729,RIDER CADDYSHACK,2006,PG
730,RIDGEMONT SUBMARINE,2006,PG-13
731,RIGHT CRANES,2006,PG-13
732,RINGS HEARTBREAKERS,2006,G
733,RIVER OUTLAW,2006,PG-13
734,ROAD ROXANNE,2006,R
735,ROBBERS JOON,2006,PG-13
736,ROBBERY BRIGHT,2006,R
737,ROCK INSTINCT,2006,G
738,ROCKETEER MOTHER,2006,PG-13
739,ROCKY WAR,2006,PG-13
740,ROLLERCOASTER BRINGING,2006,PG-13
741,ROMAN PUNK,2006,NC-17
742,ROOF CHAMPION,2006,R
743,ROOM ROMAN,2006,PG
744,ROOTS REMEMBER,2006,PG-13
745,ROSES TREASURE,2006,PG-13
746,ROUGE SQUAD,2006,NC-17
747,ROXANNE REBEL,2006,R
748,RUGRATS SHAKESPEARE,2006,PG-13
749,RULES HUMAN,2006,R
750,RUN PACIFIC,2006,R
751,RUNAWAY TENENBAUMS,2006,NC-17
752,RUNNER MADIGAN,2006,NC-17
753,RUSH GOODFELLAS,2006,PG
754,RUSHMORE MERMAID,2006,PG-13
755,SABRINA MIDNIGHT,2006,PG
756,SADDLE ANTITRUST,2006,PG-13
757,SAGEBRUSH CLUELESS,2006,G
758,SAINTS BRIDE,2006,G
759,SALUTE APOLLO,2006,R
760,SAMURAI LION,2006,G
761,SANTA PARIS,2006,PG
762,SASSY PACKER,2006,G
763,SATISFACTION CONFIDENTIAL,2006,G
764,SATURDAY LAMBS,2006,G
765,SATURN NAME,2006,R
766,SAVANNAH TOWN,2006,PG-13
767,SCALAWAG DUCK,2006,NC-17
768,SCARFACE BANG,2006,PG-13
769,SCHOOL JACKET,2006,PG-13
770,SCISSORHANDS SLUMS,2006,G
771,SCORPION APOLLO,2006,NC-17
772,SEA VIRGIN,2006,PG
773,SEABISCUIT PUNK,2006,NC-17
774,SEARCHERS WAIT,2006,NC-17
775,SEATTLE EXPECATIONS,2006,PG-13
776,SECRET GROUNDHOG,2006,PG
777,SECRETARY ROUGE,2006,PG
778,SECRETS PARADISE,2006,G
779,SENSE GREEK,2006,R
780,SENSIBILITY REAR,2006,PG
781,SEVEN SWARM,2006,R
782,SHAKESPEARE SADDLE,2006,PG-13
783,SHANE DARKNESS,2006,PG
784,SHANGHAI TYCOON,2006,PG
785,SHAWSHANK BUBBLE,2006,PG
786,SHEPHERD MIDSUMMER,2006,R
787,SHINING ROSES,2006,G
788,SHIP WONDERLAND,2006,R
789,SHOCK CABIN,2006,PG-13
790,SHOOTIST SUPERFLY,2006,PG-13
791,SHOW LORD,2006,PG-13
792,SHREK LICENSE,2006,PG-13
793,SHRUNK DIVINE,2006,R
794,SIDE ARK,2006,G
795,SIEGE MADRE,2006,R
796,SIERRA DIVIDE,2006,NC-17
797,SILENCE KANE,2006,R
798,SILVERADO GOLDFINGER,2006,PG
799,SIMON NORTH,2006,NC-17
800,SINNERS ATLANTIS,2006,PG-13
801,SISTER FREDDY,2006,PG-13
802,SKY MIRACLE,2006,PG
803,SLACKER LIAISONS,2006,R
804,SLEEPING SUSPECTS,2006,PG-13
805,SLEEPLESS MONSOON,2006,G
806,SLEEPY JAPANESE,2006,PG
807,SLEUTH ORIENT,2006,NC-17
808,SLING LUKE,2006,R
809,SLIPPER FIDELITY,2006,PG-13
810,SLUMS DUCK,2006,PG
811,SMILE EARRING,2006,G
812,SMOKING BARBARELLA,2006,PG-13
813,SMOOCHY CONTROL,2006,R
814,SNATCH SLIPPER,2006,PG
815,SNATCHERS MONTEZUMA,2006,PG-13
816,SNOWMAN ROLLERCOASTER,2006,G
817,SOLDIERS EVOLUTION,2006,R
818,SOMETHING DUCK,2006,NC-17
819,SONG HEDWIG,2006,PG-13
820,SONS INTERVIEW,2006,NC-17
821,SORORITY QUEEN,2006,NC-17
822,SOUP WISDOM,2006,R
823,SOUTH WAIT,2006,R
824,SPARTACUS CHEAPER,2006,NC-17
825,SPEAKEASY DATE,2006,PG-13
826,SPEED SUIT,2006,PG-13
827,SPICE SORORITY,2006,NC-17
828,SPIKING ELEMENT,2006,G
829,SPINAL ROCKY,2006,PG-13
830,SPIRIT FLINTSTONES,2006,R
831,SPIRITED CASUALTIES,2006,PG-13
832,SPLASH GUMP,2006,PG
833,SPLENDOR PATTON,2006,R
834,SPOILERS HELLFIGHTERS,2006,G
835,SPY MILE,2006,PG-13
836,SQUAD FISH,2006,PG
837,STAGE WORLD,2006,PG
838,STAGECOACH ARMAGEDDON,2006,R
839,STALLION SUNDANCE,2006,PG-13
840,STAMPEDE DISTURBING,2006,R
841,STAR OPERATION,2006,PG
842,STATE WASTELAND,2006,NC-17
843,STEEL SANTA,2006,NC-17
844,STEERS ARMAGEDDON,2006,PG
845,STEPMOM DREAM,2006,NC-17
846,STING PERSONAL,2006,NC-17
847,STOCK GLASS,2006,PG
848,STONE FIRE,2006,G
849,STORM HAPPINESS,2006,NC-17
850,STORY SIDE,2006,R
851,STRAIGHT HOURS,2006,R
852,STRANGELOVE DESIRE,2006,NC-17
853,STRANGER STRANGERS,2006,G
854,STRANGERS GRAFFITI,2006,R
855,STREAK RIDGEMONT,2006,PG-13
856,STREETCAR INTENTIONS,2006,R
857,STRICTLY SCARFACE,2006,PG-13
858,SUBMARINE BED,2006,R
859,SUGAR WONKA,2006,PG
860,SUICIDES SILENCE,2006,G
861,SUIT WALLS,2006,R
862,SUMMER SCARFACE,2006,G
863,SUN CONFESSIONS,2006,R
864,SUNDANCE INVASION,2006,NC-17
865,SUNRISE LEAGUE,2006,PG-13
866,SUNSET RACER,2006,NC-17
867,SUPER WYOMING,2006,PG
868,SUPERFLY TRIP,2006,PG
869,SUSPECTS QUILLS,2006,PG
870,SWARM GOLD,2006,PG-13
871,SWEDEN SHINING,2006,PG
872,SWEET BROTHERHOOD,2006,R
873,SWEETHEARTS SUSPECTS,2006,G
874,TADPOLE PARK,2006,PG
875,TALENTED HOMICIDE,2006,PG
876,TARZAN VIDEOTAPE,2006,PG-13
877,TAXI KICK,2006,PG-13
878,TEEN APOLLO,2006,G
879,TELEGRAPH VOYAGE,2006,PG
880,TELEMARK HEARTBREAKERS,2006,PG-13
881,TEMPLE ATTRACTION,2006,PG
882,TENENBAUMS COMMAND,2006,PG-13
883,TEQUILA PAST,2006,PG
884,TERMINATOR CLUB,2006,R
885,TEXAS WATCH,2006,NC-17
886,THEORY MERMAID,2006,PG-13
887,THIEF PELICAN,2006,PG-13
888,THIN SAGEBRUSH,2006,PG-13
889,TIES HUNGER,2006,R
890,TIGHTS DAWN,2006,R
891,TIMBERLAND SKY,2006,G
892,TITANIC BOONDOCK,2006,R
893,TITANS JERK,2006,PG
894,TOMATOES HELLFIGHTERS,2006,PG
895,TOMORROW HUSTLER,2006,R
896,TOOTSIE PILOT,2006,PG
897,TORQUE BOUND,2006,G
898,TOURIST PELICAN,2006,PG-13
899,TOWERS HURRICANE,2006,NC-17
900,TOWN ARK,2006,R
901,TRACY CIDER,2006,G
902,TRADING PINOCCHIO,2006,PG
903,TRAFFIC HOBBIT,2006,G
904,TRAIN BUNCH,2006,R
905,TRAINSPOTTING STRANGERS,2006,PG-13
906,TRAMP OTHERS,2006,PG
907,TRANSLATION SUMMER,2006,PG-13
908,TRAP GUYS,2006,G
909,TREASURE COMMAND,2006,PG-13
910,TREATMENT JEKYLL,2006,PG
911,TRIP NEWTON,2006,PG-13
912,TROJAN TOMORROW,2006,PG
913,TROOPERS METAL,2006,R
914,TROUBLE DATE,2006,PG
915,TRUMAN CRAZY,2006,G
916,TURN STAR,2006,G
917,TUXEDO MILE,2006,R
918,TWISTED PIRATES,2006,PG
919,TYCOON GATHERING,2006,G
920,UNBREAKABLE KARATE,2006,G
921,UNCUT SUICIDES,2006,PG-13
922,UNDEFEATED DALMATIONS,2006,PG-13
923,UNFAITHFUL KILL,2006,R
924,UNFORGIVEN ZOOLANDER,2006,PG
925,UNITED PILOT,2006,R
926,UNTOUCHABLES SUNRISE,2006,NC-17
927,UPRISING UPTOWN,2006,NC-17
928,UPTOWN YOUNG,2006,PG
929,USUAL UNTOUCHABLES,2006,PG-13
930,VACATION BOONDOCK,2006,R
931,VALENTINE VANISHING,2006,PG-13
932,VALLEY PACKER,2006,G
933,VAMPIRE WHALE,2006,NC-17
934,VANILLA DAY,2006,NC-17
935,VANISHED GARDEN,2006,R
936,VANISHING ROCKY,2006,NC-17
937,VARSITY TRIP,2006,NC-17
938,VELVET TERMINATOR,2006,R
939,VERTIGO NORTHWEST,2006,R
940,VICTORY ACADEMY,2006,PG-13
941,VIDEOTAPE ARSENIC,2006,NC-17
942,VIETNAM SMOOCHY,2006,PG-13
943,VILLAIN DESPERATE,2006,PG-13
944,VIRGIN DAISY,2006,PG-13
945,VIRGINIAN PLUTO,2006,R
946,VIRTUAL SPOILERS,2006,NC-17
947,VISION TORQUE,2006,PG-13
948,VOICE PEACH,2006,PG-13
949,VOLCANO TEXAS,2006,NC-17
950,VOLUME HOUSE,2006,PG
951,VOYAGE LEGALLY,2006,PG-13
952,WAGON JAWS,2006,PG
953,WAIT CIDER,2006,PG-13
954,WAKE JAWS,2006,G
955,WALLS ARTIST,2006,PG
956,WANDA CHAMBER,2006,PG-13
957,WAR NOTTING,2006,G
958,WARDROBE PHANTOM,2006,G
959,WARLOCK WEREWOLF,2006,G
960,WARS PLUTO,2006,G
961,WASH HEAVENLY,2006,R
962,WASTELAND DIVINE,2006,PG
963,WATCH TRACY,2006,PG
964,WATERFRONT DELIVERANCE,2006,G
965,WATERSHIP FRONTIER,2006,G
966,WEDDING APOLLO,2006,PG
967,WEEKEND PERSONAL,2006,R
968,WEREWOLF LOLA,2006,G
969,WEST LION,2006,G
970,WESTWARD SEABISCUIT,2006,NC-17
971,WHALE BIKINI,2006,PG-13
972,WHISPERER GIANT,2006,PG-13
973,WIFE TURN,2006,NC-17
974,WILD APOLLO,2006,R
975,WILLOW TRACY,2006,R
976,WIND PHANTOM,2006,R
977,WINDOW SIDE,2006,R
978,WISDOM WORKER,2006,R
979,WITCHES PANIC,2006,NC-17
980,WIZARD COLDBLOODED,2006,PG
981,WOLVES DESIRE,2006,NC-17
982,WOMEN DORADO,2006,R
983,WON DARES,2006,PG
984,WONDERFUL DROP,2006,NC-17
985,WONDERLAND CHRISTMAS,2006,PG
986,WONKA SEA,2006,NC-17
987,WORDS HUNTER,2006,PG
988,WORKER TARZAN,2006,R
989,WORKING MICROCOSMOS,2006,R
990,WORLD LEATHERNECKS,2006,PG-13
991,WORST BANGER,2006,PG
992,WRATH MILE,2006,NC-17
993,WRONG BEHAVIOR,2006,PG-13
994,WYOMING STORM,2006,PG-13
995,YENTL IDAHO,2006,R
996,YOUNG LANGUAGE,2006,G
997,YOUTH KICK,2006,NC-17
998,ZHIVAGO CORE,2006,NC-17
999,ZOOLANDER FICTION,2006,R
1000,ZORRO ARK,2006,NC-17
